Country Name,Country Code,Year,Access to electricity (% of population) - EG.ELC.ACCS.ZS,Adjusted net national income per capita (annual % growth) - NY.ADJ.NNTY.PC.KD.ZG,"Adjusted net savings, excluding particulate emission damage (% of GNI) - NY.ADJ.SVNX.GN.ZS",Adjusted savings: carbon dioxide damage (% of GNI) - NY.ADJ.DCO2.GN.ZS,Adjusted savings: natural resources depletion (% of GNI) - NY.ADJ.DRES.GN.ZS,Adjusted savings: net forest depletion (% of GNI) - NY.ADJ.DFOR.GN.ZS,Adjusted savings: particulate emission damage (% of GNI) - NY.ADJ.DPEM.GN.ZS,"Automated teller machines (ATMs) (per 100,000 adults) - FB.ATM.TOTL.P5",Broad money (% of GDP) - FM.LBL.BMNY.GD.ZS,Children out of school (% of primary school age) - SE.PRM.UNER.ZS,"Compulsory education, duration (years) - SE.COM.DURS","Cost of business start-up procedures, female (% of GNI per capita) - IC.REG.COST.PC.FE.ZS","Cost of business start-up procedures, male (% of GNI per capita) - IC.REG.COST.PC.MA.ZS",Exports of goods and services (% of GDP) - NE.EXP.GNFS.ZS,Final consumption expenditure (% of GDP) - NE.CON.TOTL.ZS,GDP (current US$) - NY.GDP.MKTP.CD,GDP per capita (current US$) - NY.GDP.PCAP.CD,General government final consumption expenditure (% of GDP) - NE.CON.GOVT.ZS,Gross national expenditure (% of GDP) - NE.DAB.TOTL.ZS,Gross savings (% of GDP) - NY.GNS.ICTR.ZS,Imports of goods and services (% of GDP) - NE.IMP.GNFS.ZS,"Inflation, consumer prices (annual %) - FP.CPI.TOTL.ZG","Primary completion rate, total (% of relevant age group) - SE.PRM.CMPT.ZS",Proportion of seats held by women in national parliaments (%) - SG.GEN.PARL.ZS,"Pupil-teacher ratio, primary - SE.PRM.ENRL.TC.ZS",Renewable electricity output (% of total electricity output) - EG.ELC.RNEW.ZS,Renewable energy consumption (% of total final energy consumption) - EG.FEC.RNEW.ZS,"School enrollment, preprimary (% gross) - SE.PRE.ENRR","School enrollment, primary (% gross) - SE.PRM.ENRR","School enrollment, secondary (% gross) - SE.SEC.ENRR",Trade (% of GDP) - NE.TRD.GNFS.ZS,Women Business and the Law Index Score (scale 1-100) - SG.LAW.INDX,Prevalence of undernourishment (%) - SN_ITK_DEFC - 2.1.1,Proportion of population below international poverty line (%) - SI_POV_DAY1 - 1.1.1,Proportion of population covered by at least a 2G mobile network (%) - IT_MOB_2GNTWK - 9.c.1,Proportion of population covered by at least a 3G mobile network (%) - IT_MOB_3GNTWK - 9.c.1,Proportion of population using basic drinking water services (%) - SP_ACS_BSRVH2O - 1.4.1,"Unemployment rate, male (%) - SL_TLF_UEM - 8.5.2","Unemployment rate, women (%) - SL_TLF_UEM - 8.5.2","Annual production-based emissions of carbon dioxide (CO2), measured in million tonnes",Continent,Gini index (World Bank estimate) - SI.POV.GINI,Income Classification (World Bank Definition),Individuals using the Internet (% of population) - IT.NET.USER.ZS,"Life expectancy at birth, total (years) - SP.DYN.LE00.IN","Population, total - SP.POP.TOTL",Regime Type (RoW Measure Definition),Rural population (% of total population) - SP.RUR.TOTL.ZS,Total natural resources rents (% of GDP) - NY.GDP.TOTL.RT.ZS,Urban population (% of total population) - SP.URB.TOTL.IN.ZS,World Regions (UN SDG Definition),Cluster
Angola,AGO,2000,,,-5.682706605,2.378255961,45.26094165,0.0,1.990826056,,17.28055589,,4.0,,,89.68583119,42.68222811,9129634978.0,556.8386317,,73.17544708,39.20787592,62.86127827,324.9968716,,15.45454545,,63.11418685,73.44110107,,,12.26628017,152.5471095,62.5,,36.4,,,,,,9.515,Africa,52.0,Low income,,,,Closed Autocracy,49.913,,,Sub-Saharan Africa,4
Angola,AGO,2001,20.0,18.45738804,-21.15699603,2.560090454,29.55509445,0.0,1.88683708,,21.13571366,,4.0,,,75.38894373,69.06468829,8936063723.0,527.3335285,25.15463272,99.55790723,14.48022216,74.94685096,152.5610225,,15.45454545,,62.08791209,72.33730316,,,13.85371971,150.3357947,62.5,67.5,,,,,,,9.672,Africa,,Low income,0.136013867,47.059,16945753.0,Closed Autocracy,48.726,38.4344266558981,51.274,Sub-Saharan Africa,4
Angola,AGO,2002,26.38386917,37.23937878,5.021281804,1.869648578,18.78964031,0.0,1.552627189,,16.04988274,,4.0,,,57.0849959,60.63842738,15285594828.0,872.4944418,19.13057854,91.1316005,28.87681621,48.2167467,108.8974361,,15.45454545,,64.7592068,70.42099762,,,14.98359013,105.3017426,62.5,63.2,,,,,,,12.598,Africa,,Low income,0.270376746,47.702,17519418.0,Closed Autocracy,47.539,27.693386840627,52.461,Sub-Saharan Africa,4
Angola,AGO,2003,27.4656353,6.421467891,5.148920474,1.182632624,15.72212088,0.0,1.511743488,,13.50836676,,4.0,1316.4,1316.4,54.32133738,64.80743881,17812705294.0,982.9610078,21.85425921,95.25854942,26.05546064,49.57988943,98.22414366,,15.45454545,,62.20551378,65.14040375,,,,103.9012268,62.5,58.7,,,,,,,8.988,Africa,,Low income,0.370682065,48.44,18121477.0,Closed Autocracy,46.355,24.0487652730738,53.645,Sub-Saharan Africa,4
Angola,AGO,2004,28.53676033,-8.470401836,-1.547946326,1.966160144,29.98468463,0.0,1.426804837,0.854312999,13.5536455,,4.0,910.0,910.0,58.38034553,55.92554266,23552052408.0,1255.564513,14.31205981,86.81921139,33.53599818,45.19957883,43.54210675,,15.0,,78.40501792,61.91569901,,,,103.5799244,62.5,55.1,,,,45.0,21.3,26.1,18.702,Africa,,Lower-middle income,0.464814618,49.263,18758138.0,Closed Autocracy,45.173,40.1937000895514,54.827,Sub-Saharan Africa,4
Angola,AGO,2005,29.59622383,7.704993054,1.69422291,1.352846216,36.24994624,0.0,1.238410842,1.45315761,13.29981889,,4.0,653.8,653.8,65.52626777,47.9818468,36970918699.0,1902.42215,16.02903718,75.53842659,41.18765332,41.06469436,22.95351385,,15.0,,79.64824121,68.37830353,,,,106.5909621,62.5,52.2,,,,,,,19.006,Africa,,Lower-middle income,1.143366827,50.165,19433604.0,Closed Autocracy,44.0,45.827184638968,56.0,Sub-Saharan Africa,4
Angola,AGO,2006,30.64655495,13.44170657,5.014300244,1.17962134,35.55739597,0.0,1.137353526,3.040178153,16.27332574,,4.0,498.2,498.2,63.4678635,44.3886614,52381006892.0,2599.565948,15.34172241,67.68943232,43.45458346,31.15729583,13.30521018,,15.0,,80.61101028,62.12730026,,,,94.62515933,62.5,49.3,,40.0,,,,,22.102,Africa,,Lower-middle income,1.5,51.143,20149905.0,Closed Autocracy,43.236,43.4900453272377,56.764,Sub-Saharan Africa,4
Angola,AGO,2007,37.5,-9.455948128,-1.444308758,1.120249004,39.45408192,0.0,1.015880657,4.403596475,20.44687119,,6.0,343.7,343.7,67.90578337,46.51792179,65266452081.0,3121.996085,15.5369347,72.24850115,41.49897042,40.15428452,12.25149745,,15.0,41.0124,77.6188996,58.49160004,135.9182281,98.97357941,,108.0600679,62.5,46.1,,,,,,,24.976,Africa,,Lower-middle income,1.7,52.177,20905360.0,Closed Autocracy,42.476,46.2790119276714,57.524,Sub-Saharan Africa,4
Angola,AGO,2008,38.49,-24.25423917,-14.77571899,0.920735448,51.59891004,0.0,0.985841149,6.238113761,31.52050402,17.55308914,6.0,196.8,196.8,72.47502847,45.61059733,88538611205.0,4080.941034,16.81461146,76.41465051,38.65885832,48.88967943,12.47582913,39.19701004,37.27272727,,75.40904716,54.88209915,99.41977692,105.1802063,21.28945923,121.3647079,62.5,42.9,34.4,,,,,,25.486,Africa,42.7,Lower-middle income,1.9,53.243,21695636.0,Closed Autocracy,41.718,55.85217033437,58.282,Sub-Saharan Africa,4
Angola,AGO,2009,33.80418396,29.65594568,-5.117115734,1.207974717,25.83980822,0.0,1.006770016,8.344976463,45.60817022,18.74069977,6.0,151.1,151.1,58.75730302,62.11067749,70307163678.0,3122.781599,19.89859034,104.9315363,27.65786789,63.68883933,13.73028393,38.78757858,38.63636364,,65.34318902,52.41389847,92.73417664,104.1305695,22.69255066,122.4461423,62.5,33.2,,,,,,,27.566,Africa,,Lower-middle income,2.3,54.311,22514275.0,Closed Autocracy,40.966,30.7324986773529,59.034,Sub-Saharan Africa,4
Angola,AGO,2010,34.87972641,6.262067639,-2.815262888,1.095882374,34.66270013,0.0,1.037982755,10.42113681,34.77475068,18.09081078,6.0,226.6,226.6,61.54311272,52.84009578,83799496611.0,3587.883645,17.04234392,81.03740555,36.98734332,42.58051724,14.46965649,39.80720901,38.63636364,45.58651,67.95742338,50.76480103,85.83747101,105.7810364,26.25922012,104.12363,62.5,24.4,,,,,,,28.864,Africa,,Lower-middle income,2.8,55.35,23356247.0,Electoral Autocracy,40.217,40.1424639055475,59.783,Sub-Saharan Africa,4
Angola,AGO,2011,34.6,14.85685285,-1.478422246,0.893664281,34.49077826,0.0,1.018879209,12.72463193,34.97887212,18.40073013,6.0,163.1,163.1,60.66994844,52.21825729,111790000000.0,4615.468219,18.23586053,78.64261098,37.88854989,39.31255941,13.48246792,46.18714905,38.18181818,42.54306,70.90780393,49.23920059,73.32897949,119.5301437,26.48254013,99.98250785,65.0,17.2,,,40.0,51.0,7.0,7.7,30.33,Africa,,Upper-middle income,3.1,56.33,24220660.0,Electoral Autocracy,39.472,41.153694331148,60.528,Sub-Saharan Africa,4
Angola,AGO,2012,37.10102463,9.899725971,1.247788664,0.899509076,30.3441688,0.0,0.939995717,15.19084651,31.51773164,,6.0,143.1,143.1,55.94013141,53.25225694,128053000000.0,5100.097027,17.84263437,79.9198358,37.23299939,35.8599672,10.27790492,,34.09090909,,60.7994842,49.44329834,,,,91.80009861,70.625,16.3,,,47.0,,,,33.801,Africa,,Upper-middle income,6.5,57.236,25107925.0,Electoral Autocracy,38.732,36.228516353538,61.268,Sub-Saharan Africa,4
Angola,AGO,2013,38.24899292,6.000509557,-0.243830088,0.857245799,25.58393157,0.0,0.876974937,16.99317739,33.33154853,,6.0,130.1,130.1,50.74708439,59.17479266,136710000000.0,5254.881126,21.62194874,85.317762,32.02988195,36.06484639,8.777814293,,34.09090909,,58.02093476,47.93849945,,,,86.81193078,70.625,15.0,,90.0,53.0,,,,33.229,Africa,,Upper-middle income,8.9,58.054,26015786.0,Electoral Autocracy,37.998,30.8160252136885,62.002,Sub-Saharan Africa,4
Angola,AGO,2014,32.0,4.921015676,2.607538292,1.101677022,19.57928388,0.0,0.767450034,18.19215383,35.6755532,,6.0,118.8,118.8,44.69503125,62.44240314,145712000000.0,5408.4117,17.97565999,89.94286501,29.96672177,34.63789626,7.280387304,,36.81818182,,53.17510549,48.2112999,,,,79.33292751,70.625,14.2,,92.0,46.0,54.0,10.0,9.1,44.249,Africa,,Upper-middle income,21.4,58.776,26941773.0,Electoral Autocracy,37.269,23.6710371529711,62.731,Sub-Saharan Africa,4
Angola,AGO,2015,42.0,-2.743455911,7.997221003,1.093054773,8.49859805,0.0,0.74864404,18.82246369,40.94466036,,6.0,17.0,17.0,29.75459949,69.17683267,116194000000.0,4166.979833,16.43283225,103.3793218,25.02132654,33.13392129,9.150372075,,36.81818182,50.02951,53.17492831,47.81560135,,113.4779587,,62.88852079,70.625,14.5,,99.0,60.67,,,,33.979,Africa,,Upper-middle income,29.0,59.398,27884380.0,Electoral Autocracy,36.554,10.8015557777252,63.446,Sub-Saharan Africa,4
Angola,AGO,2016,41.79737854,-2.759886828,7.238977543,1.299366329,8.390241823,0.0,0.74744636,19.06211637,39.16230705,,6.0,20.7,20.7,28.12448456,69.90647772,101124000000.0,3506.073128,13.88068207,97.12118616,24.42924754,25.24567072,30.69531299,,36.81818182,,,49.0080986,39.61101913,,50.67147827,53.37015528,73.125,15.4,,90.0,62.0,,,,34.111,Africa,,Lower-middle income,29.0,59.925,28842482.0,Electoral Autocracy,35.851,10.8571141919915,64.149,Sub-Saharan Africa,4
Angola,AGO,2017,43.0016098,-4.764456221,1.549669397,1.133932076,13.29864026,0.0,0.729873079,19.13143899,32.18652092,,6.0,17.4,17.4,29.00410005,70.11831676,122124000000.0,4095.810057,12.93582152,94.24862134,23.35194559,23.2527214,29.84358669,,30.45454545,,,56.18050003,,,,52.25682145,73.125,15.4,,90.0,85.0,,,,37.471,Africa,,Lower-middle income,32.0,60.379,29816769.0,Electoral Autocracy,35.161,16.452411411449,64.839,Sub-Saharan Africa,4
Angola,AGO,2018,45.29,-13.60522407,-4.67611705,1.440150531,22.40689034,0.0,0.729873079,18.92231642,30.64644038,,6.0,13.9,13.9,40.83628989,66.83601101,101353000000.0,3289.643995,10.47454474,88.22192544,25.1731937,25.54182093,19.62860772,,30.45454545,,,56.78549957,,,,66.37811082,73.125,15.5,49.9,90.0,85.0,,,,37.679,Africa,51.3,Lower-middle income,35.0,60.782,30809787.0,Electoral Autocracy,34.486,27.4282203466729,65.514,Sub-Saharan Africa,4
Azerbaijan,AZE,2000,98.90822245,1.137421286,-31.61455855,11.09660812,27.71622797,0.0,0.618627609,,16.29082351,8.493309975,9.0,,,40.17083148,79.56168797,5272798391.0,655.1199452,15.15016638,100.2352642,15.46232862,38.3777368,1.805003037,89.51351166,,18.68574,8.203647254,2.065099955,19.27132988,97.20748901,,78.54856828,66.875,,,93.5,,74.0,10.9,12.7,29.506,Asia,,Low income,,,,Electoral Autocracy,48.614,,,Northern Africa and Western Asia,4
Azerbaijan,AZE,2001,98.62342072,18.30568527,-19.56713309,10.45165239,20.73272028,0.0,0.540367569,,12.93162513,11.27719021,9.0,,,41.49860787,75.14297539,5707720391.0,703.6838434,13.64662503,95.819851,19.7657703,37.31657762,1.547195902,95.1685791,10.48387097,17.12015,6.858197153,1.752099991,20.89849091,98.86100006,,78.81518549,66.875,17.0,2.6,94.0,,75.0,10.3,11.5,28.793,Asia,36.5,Low income,0.305564638,67.054,8111200.0,Electoral Autocracy,48.413,27.426686281869,51.587,Northern Africa and Western Asia,4
Azerbaijan,AZE,2002,100.0,32.06422365,-9.026698167,10.1988924,9.562157127,0.0,0.48737107,,12.97995098,11.74763966,9.0,,,42.76783505,75.30556701,6235856820.0,763.080638,12.40412371,109.8820619,19.6539097,50.05030928,2.77116472,97.58601379,10.48387097,16.1852,10.80156141,2.351200104,22.36725998,98.34942627,,92.81814433,66.875,13.4,0.0,95.0,,76.0,9.7,10.4,29.642,Asia,25.3,Low income,4.999713678,67.391,8171950.0,Electoral Autocracy,48.213,25.763396247004,51.787,Northern Africa and Western Asia,4
Azerbaijan,AZE,2003,98.97785187,16.92524457,-2.559605435,9.401845701,9.812123358,0.0,0.45068393,,14.28476044,13.43152046,9.0,16.8,16.8,42.00657665,72.35150073,7276753895.0,883.7339715,12.38928147,125.5229833,23.4172896,65.54537186,2.23386493,92.69615173,10.48387097,15.26139,11.59917317,2.944099903,23.42060089,96.21324158,,107.5519485,66.875,10.4,0.0,95.0,,77.0,9.1,9.3,30.627,Asia,26.8,Lower-middle income,,67.791,8234100.0,Electoral Autocracy,48.012,26.0927217781925,51.988,Northern Africa and Western Asia,4
Azerbaijan,AZE,2004,99.13969421,11.37014757,-0.610562088,8.861810503,11.41285969,0.0,0.428953858,,17.65355866,12.51805019,9.0,14.4,14.4,48.78900846,68.71233969,8680370408.0,1045.009379,12.90004924,126.7027737,25.38812222,72.71810743,6.708930428,95.59542847,10.48387097,14.27144,12.67016188,3.069999933,24.08114052,97.26132965,,121.5071159,66.875,7.4,0.0,97.0,,78.0,7.9,8.0,32.078,Asia,26.6,Lower-middle income,,68.249,8306500.0,Electoral Autocracy,47.811,28.8580536284092,52.189,Northern Africa and Western Asia,4
Azerbaijan,AZE,2005,99.28987885,24.28671565,8.717096336,6.877696143,20.57311695,0.0,0.374110135,,14.68335265,13.01972008,9.0,12.3,12.3,62.94110601,52.54302256,13245716099.0,1578.40239,10.42204033,94.07785985,38.68582027,52.9007786,9.679507319,93.43061829,13.04347826,13.44831,13.15582371,3.36439991,25.44997978,95.52696991,,115.8418846,66.875,4.8,0.0,99.0,,80.0,7.2,7.3,34.286,Asia,26.6,Lower-middle income,8.030375356,68.747,8391850.0,Electoral Autocracy,47.611,37.6861652538039,52.389,Northern Africa and Western Asia,4
Azerbaijan,AZE,2006,99.5,38.65555985,11.18548594,5.237930543,27.90281226,0.0,0.298250948,17.06939372,18.32353633,12.84241009,9.0,9.3,9.3,66.50414484,45.64285028,20982986344.0,2473.081819,8.539864079,75.50223512,44.28018555,38.75825501,8.328924829,91.6054306,11.29032258,12.496,10.25954447,2.861000061,26.74821091,94.21665955,,105.2623998,66.875,2.8,,95.0,,81.0,6.9,6.3,39.109,Asia,,Lower-middle income,11.99217733,69.259,8484550.0,Electoral Autocracy,47.411,42.0379109896614,52.589,Northern Africa and Western Asia,4
Azerbaijan,AZE,2007,99.56891632,21.00382303,15.3940347,2.803160041,30.15391987,0.0,0.23527454,20.36012847,20.79392324,13.1863203,9.0,6.9,6.9,68.12891169,43.06165265,33050343783.0,3851.437869,9.660266921,64.58666103,44.61015803,28.51289646,16.69975496,98.13037109,11.38211382,11.61559,10.82070765,3.788199902,26.05709076,94.77120209,,96.64180815,76.25,,,99.0,,82.0,7.1,5.5,30.458,Asia,,Lower-middle income,14.54,69.752,8581300.0,Electoral Autocracy,47.21,39.2177612929867,52.79,Northern Africa and Western Asia,4
Azerbaijan,AZE,2008,99.7101059,20.27299277,19.08839576,2.182084102,30.59456966,0.0,0.209796643,22.70785557,21.16297931,13.32610035,9.0,4.3,4.3,65.77613785,41.93067778,48852482960.0,5574.603802,8.495111767,60.62430862,49.43982321,23.46675902,20.84908718,90.73683167,11.38211382,11.29601,10.31280322,3.085799932,24.15974998,94.07247162,,89.24289686,76.25,,,99.0,,83.0,6.2,5.5,35.451,Asia,,Lower-middle income,17.08,70.201,8763400.0,Electoral Autocracy,47.01,41.2174797950368,52.99,Northern Africa and Western Asia,4
Azerbaijan,AZE,2009,99.86070251,-1.616600534,17.1068682,2.159596226,20.91705492,0.0,0.198453169,24.67139278,23.78883725,11.97428036,9.0,2.9,2.9,51.63574568,53.88003314,44291490421.0,4950.294791,11.12340772,72.82867295,39.80410131,23.108296,1.45704836,91.77172089,11.38211382,11.08342,12.24295103,3.268599987,23.53096962,95.068573,,74.74404168,76.25,,,99.6,32.2,85.0,4.9,6.6,31.857,Asia,,Upper-middle income,27.4,70.597,8947243.0,Electoral Autocracy,46.81,28.448345624236,53.19,Northern Africa and Western Asia,4
Azerbaijan,AZE,2010,99.94705963,-5.994523317,18.62735745,1.771704488,23.96953121,0.0,0.221230368,27.07984906,24.79097928,12.47441959,9.0,3.1,3.1,54.30472154,50.24396562,52909294792.0,5843.533768,10.88143177,68.3035441,44.16502612,20.68126693,5.726872247,89.51445007,16.0,11.04222,18.42330305,4.448999882,25.58293915,93.76229858,,74.98598846,76.25,,,100.0,69.2,86.0,4.4,6.9,30.633,Asia,,Upper-middle income,46.0,70.938,9054332.0,Electoral Autocracy,46.594,32.1888061770271,53.406,Northern Africa and Western Asia,4
Azerbaijan,AZE,2011,99.9,15.62877815,20.56939269,1.621947116,25.32652816,0.0,0.218068211,30.0302669,26.69478098,9.898200035,9.0,2.7,2.7,56.42698053,47.38623709,65951627200.0,7189.691229,10.12768327,67.65408394,46.26604963,24.08106448,7.858333333,92.80683136,16.0,11.16445,13.1861634,3.555799961,26.55765915,95.57363129,,80.50804501,78.75,,,100.0,89.3,87.0,4.4,6.5,32.976,Asia,,Upper-middle income,50.0,71.234,9173082.0,Electoral Autocracy,46.363,35.2231604265342,53.637,Northern Africa and Western Asia,4
Azerbaijan,AZE,2012,100.0,0.385011969,20.30668306,1.680522119,21.84974433,0.0,0.212078405,31.38967363,30.64334673,7.675519943,9.0,2.3,2.3,52.97468019,49.99698595,69683935845.0,7496.294648,10.52596006,72.31370916,43.80780241,25.28838935,1.066213397,91.99118805,16.0,11.92302,7.921524274,2.845299959,24.8493309,97.95530701,,78.26306954,78.75,,,100.0,96.5,89.0,4.3,6.1,35.048,Asia,,Upper-middle income,54.2,71.506,9295784.0,Electoral Autocracy,46.117,31.4170910041624,53.883,Northern Africa and Western Asia,4
Azerbaijan,AZE,2013,100.0,,22.10460482,1.637712485,18.61900166,0.0,0.195809648,33.24171503,33.15429702,1.723430037,10.0,1.0,1.0,48.41583308,52.18624317,74164435946.0,7875.756953,10.28324911,77.84417861,42.16728077,26.26001169,2.415717453,88.08940887,15.57377049,12.14857,6.67123405,2.525899887,25.7365303,100.5004501,,74.67584476,78.75,,,100.0,96.9,90.0,4.0,6.0,35.215,Asia,,Upper-middle income,73.00000137,71.768,9416801.0,Electoral Autocracy,45.855,26.9855511791027,54.145,Northern Africa and Western Asia,4
Azerbaijan,AZE,2014,100.0,,21.08814354,1.731371097,15.32846575,0.0,0.180531949,35.40970715,36.54487009,0.74526,10.0,3.1,3.1,43.27355666,56.32348879,75244294275.0,7891.313147,10.88587304,83.83352453,40.18196009,26.20966854,1.373441815,98.12570953,15.57377049,12.62333,5.629246199,2.116600037,23.10553932,106.0598907,,69.4832252,78.75,,,100.0,97.1,91.0,4.0,5.8,36.975,Asia,,Upper-middle income,75.00001564,72.022,9535079.0,Electoral Autocracy,45.578,23.0332318433715,54.422,Northern Africa and Western Asia,4
Azerbaijan,AZE,2015,100.0,,12.67420061,2.560711354,9.392391268,0.0,0.184985844,36.19916312,39.20354901,1.156669974,10.0,1.7,1.7,37.79477749,69.09838176,53074370486.0,5500.310382,12.40823832,97.01195292,27.49888089,34.80673042,4.027685737,103.2802124,16.93548387,13.49787,7.039857421,2.312200069,23.87578964,106.6014862,,72.60150791,78.75,,,100.0,95.47,92.0,4.1,5.9,37.199,Asia,,Upper-middle income,77.0,72.266,9649341.0,Electoral Autocracy,45.286,14.5685957675747,54.714,Northern Africa and Western Asia,4
Azerbaijan,AZE,2016,100.0,,5.491319541,3.817429202,10.28264322,0.0,0.196042754,32.71950266,34.57199639,0.794629991,10.0,1.9,1.9,46.42764939,71.54051621,37867518957.0,3880.738731,12.83206344,97.22185446,22.08130669,43.64966934,12.44337486,111.3019104,16.8,15.48619,,1.926800013,22.73686981,106.4317398,,90.07731873,78.75,,,100.0,95.5,93.0,4.2,6.0,37.278,Asia,,Upper-middle income,78.2,72.493,9757812.0,Electoral Autocracy,44.979,15.3654290752373,55.021,Northern Africa and Western Asia,4
Azerbaijan,AZE,2017,100.0,,8.737187456,3.567311756,13.49268995,0.0,0.194478046,32.15923677,32.37529529,2.068969965,10.0,1.6,1.6,48.54786473,68.92780269,40865558912.0,4147.089716,11.34141244,93.30672839,28.50077821,41.85445095,12.93591842,107.1721725,16.8,15.458,,1.908800006,35.97999954,103.2940979,,90.40231568,78.75,,,100.0,96.3,94.0,4.1,5.9,36.498,Asia,,Upper-middle income,79.0,72.693,9854033.0,Electoral Autocracy,44.657,21.0800959534414,55.343,Northern Africa and Western Asia,4
Azerbaijan,AZE,2018,100.0,,7.526442372,3.286613289,18.57628585,0.0,0.194478046,32.84805647,30.04094438,3.894190073,10.0,1.3,1.3,54.09229386,64.60707686,47112941176.0,4739.84171,10.46646357,84.73655296,31.72467175,37.58028267,2.268546904,100.2199478,16.8,15.42982,,1.971300006,39.71232986,99.7220993,94.48007965,91.67257654,78.75,,,100.0,97.1,95.0,4.1,5.8,37.488,Asia,,Upper-middle income,79.79999549,72.864,9939771.0,Electoral Autocracy,44.32,29.2523743952692,55.68,Northern Africa and Western Asia,4
Brunei Darussalam,BRN,2000,100.0,2.057517781,,1.45781435,21.2142549,0.0,0.039788863,,85.7254594,,,,,67.35433192,50.64492485,6001153306.0,18012.50219,25.81437193,63.70284413,,35.81729355,1.558152476,114.790947,,13.66667,0.0,0.0,46.90979004,110.1819077,84.64923096,103.1716255,46.875,,,,,,,,4.591,Asia,,High income,,,,,28.836,,,Eastern and South-Eastern Asia,4
Brunei Darussalam,BRN,2001,100.0,0.508566906,18.14546313,1.560990298,16.91450388,0.0,0.037064934,,77.83411886,,,,,69.52530593,55.7446016,5601090584.0,16472.00329,29.39855955,70.17459464,42.50732308,39.19356475,0.595890411,121.6579514,,13.63795,0.0,0.0,47.72425842,107.3191299,85.06243896,108.7188707,46.875,2.6,,,,,,,4.389,Asia,,High income,12.91776908,73.076,340037.0,,28.348,24.8143028090627,71.652,Eastern and South-Eastern Asia,4
Brunei Darussalam,BRN,2002,100.0,12.5766315,24.54301496,1.50988593,13.57068504,0.0,0.036302087,,76.06082248,,,,,67.12183029,52.77086922,5843329108.0,16850.39408,27.16979368,74.03059358,45.70216336,41.62613879,-2.314972425,117.5329514,,12.69287,0.0,0.0,53.23149872,107.7133484,86.54186249,108.7479691,46.875,,,,,,,,4.254,Asia,,High income,15.32987986,73.332,346777.0,,27.954,20.9251698124979,72.046,Eastern and South-Eastern Asia,4
Brunei Darussalam,BRN,2003,100.0,0.552277244,24.07296469,1.469374777,15.4855254,0.0,0.035979659,,72.49777268,,,,,69.28925184,51.38711987,6557333085.0,18560.5035,24.06778542,66.44258067,47.13399119,35.96921573,0.3,119.9912262,,12.24954,0.0,0.0,54.19313812,110.6532669,88.37415314,105.2584676,46.875,,,,,,,,4.47,Asia,,High income,19.59500322,73.575,353295.0,,27.579,23.4307687114368,72.421,Eastern and South-Eastern Asia,4
Brunei Darussalam,BRN,2004,100.0,7.503280323,20.8504044,1.399096359,18.94078928,0.0,0.035163971,34.96299749,72.10193598,,,,,68.79904697,48.61554092,7872333215.0,21902.02712,22.0528861,62.10197936,46.89047172,31.79052372,0.814223995,111.2814636,,10.88013,0.0,0.0,57.69734955,111.04673,92.80322266,100.5895707,46.875,,,,,,,,4.873,Asia,,High income,29.71560414,73.801,359434.0,,27.206,28.0713212410203,72.794,Eastern and South-Eastern Asia,4
Brunei Darussalam,BRN,2005,100.0,10.76774234,25.51314924,1.220160571,23.49200447,0.0,0.034332217,43.2640855,57.75493255,,,,,70.16844716,40.86976272,9531402848.0,26105.42203,18.4087001,52.23646718,55.18984482,27.28916946,1.244437119,107.3593063,,10.11697,0.0,0.0,58.82584,110.6296997,96.58753204,97.45761662,46.875,,,,,,,,4.869,Asia,,High income,36.46639195,74.006,365112.0,,26.837,34.0405583027654,73.163,Eastern and South-Eastern Asia,4
Brunei Darussalam,BRN,2006,100.0,10.6517439,27.8338831,1.03754352,24.90039672,0.0,0.031997043,46.56655478,51.33512354,,,8.9,8.9,71.72469796,37.87103995,11470703002.0,30979.96284,18.06175861,48.30844188,58.59415931,25.2164514,0.159888078,107.6546783,,12.51317,0.0,0.0,57.77283859,110.3037262,97.44117737,96.94114936,46.875,,,,,,,,4.738,Asia,,High income,42.18634916,74.189,370262.0,,26.471,35.2731387647689,73.529,Eastern and South-Eastern Asia,4
Brunei Darussalam,BRN,2007,100.0,8.009213144,28.61245219,1.756915562,18.65625524,0.0,0.030321185,58.88829147,54.08717207,,9.0,9.1,9.1,67.85275077,42.78462497,12247694247.0,32663.39237,22.62047295,55.76942872,54.21166375,27.8977165,0.96777412,107.4296265,,12.67144,0.0,0.0,58.5069313,109.6869583,95.79460907,95.75046726,46.875,,,,,,,,8.31,Asia,,High income,44.68,74.351,374967.0,,26.108,27.4860182362579,73.892,Eastern and South-Eastern Asia,4
Brunei Darussalam,BRN,2008,100.0,18.05585527,35.98020382,1.69097271,19.13166577,0.0,0.029246384,71.51636251,53.63294116,,9.0,9.2,9.2,78.29923669,34.82907554,14393099069.0,37934.67645,17.1409802,48.49714922,62.62901074,27.61460739,2.084980237,105.2743225,,12.55216,0.0,0.0,59.71990967,107.6224136,96.01590729,105.9138441,46.875,,,,,,,,8.991,Asia,,High income,46.0,74.494,379418.0,,25.748,28.9209353428237,74.252,Eastern and South-Eastern Asia,4
Brunei Darussalam,BRN,2009,100.0,-20.33649926,25.44651975,2.012082508,14.89341187,0.0,0.028829491,82.33273733,76.84380168,0.375479996,9.0,9.9,9.9,72.78317629,47.64817792,10732366286.0,27956.00514,23.28761858,65.20469147,48.69263453,35.7894602,1.035717743,101.9063568,,11.94999,0.0,0.0,66.277771,106.9230423,98.20404053,108.5726365,46.875,,,,,,,,7.746,Asia,,High income,49.0,74.623,383902.0,,25.392,23.1155653798962,74.608,Eastern and South-Eastern Asia,4
Brunei Darussalam,BRN,2010,100.0,4.069382405,36.83249346,1.721164327,15.66141147,0.0,0.028590349,82.01620863,67.27118685,,9.0,13.6,13.6,67.40746923,36.86463349,13707370737.0,35270.64214,22.15088283,60.5564473,60.15035,27.96147673,0.356869132,105.3538895,,11.34882,0.0,0.0,67.18726349,106.5421677,99.17563629,95.36894596,53.125,,,,,,,,8.061,Asia,,High income,53.0,74.74,388634.0,,25.039,23.4503597355549,74.961,Eastern and South-Eastern Asia,4
Brunei Darussalam,BRN,2011,100.0,10.24687851,36.10706585,1.602867303,21.48580963,0.0,0.03040197,80.77103966,59.37941399,,9.0,11.9,11.9,69.50607218,31.50238167,18525319978.0,47055.96064,18.72720251,57.52478222,63.78319692,30.03046818,0.137911563,110.9769974,,11.33566,0.053691275,0.015799999,68.27597046,106.8165207,101.4305496,99.53654036,53.125,,,,,,,,9.545,Asia,,High income,56.0,74.852,393687.0,,24.69,29.6620696037942,75.31,Eastern and South-Eastern Asia,4
Brunei Darussalam,BRN,2012,100.0,4.259276078,37.77687219,1.614805285,18.88818298,0.0,0.034181697,92.69205157,58.65646775,0.261559993,9.0,10.7,10.7,70.16126866,32.19856066,19047940301.0,47739.55769,18.43938971,65.08192891,62.90462043,35.47975532,0.111766261,107.0699768,,10.58767,0.050890585,0.0148,69.62832642,105.9343872,106.2648315,105.641024,53.125,,,,80.79,,,,9.493,Asia,,High income,60.27306504,74.962,398997.0,,24.344,26.6419679084743,75.656,Eastern and South-Eastern Asia,4
Brunei Darussalam,BRN,2013,100.0,-0.793194706,38.83547726,1.409195219,14.89676414,0.0,0.039172612,82.86366297,62.57478931,0.420329988,9.0,10.0,10.0,68.04187464,35.425593,18093829923.0,44740.85942,20.16431821,75.01656434,60.27899601,42.8950042,0.389205053,106.1239319,,10.15195,0.045433894,0.0135,69.96243286,106.1110306,104.9133072,110.9368788,53.125,,,,87.79,,,,7.628,Asia,,High income,64.5,75.075,404414.0,,24.003,22.462107883036,75.997,Eastern and South-Eastern Asia,4
Brunei Darussalam,BRN,2014,100.0,-2.326409154,38.34290422,1.783499829,14.38056652,0.0,0.043242655,81.75056062,67.49857434,0.159899995,9.0,10.4,10.4,68.17708045,37.02062446,17098342541.0,41725.86752,21.41841615,64.46297014,59.71220969,34.24388837,-0.207108732,100.1175385,,10.25924,0.044385264,0.014,70.73132324,105.4932098,99.59155273,102.4209688,53.125,,,,90.0,100.0,6.3,7.9,8.926,Asia,,High income,68.77,75.193,409778.0,,23.668,22.0238019400572,76.332,Eastern and South-Eastern Asia,4
Brunei Darussalam,BRN,2015,100.0,-11.56120939,35.48052016,1.810830234,12.55053195,0.0,0.042754403,79.69114127,80.80411669,0.680140018,9.0,1.2,1.2,52.21059737,44.84728035,12930394938.0,31164.03625,25.06167623,80.09308977,57.11833733,37.68319271,-0.488347421,102.1722794,,10.01661,0.047619048,0.0149,69.33381653,105.5275497,96.41471863,89.89379008,53.125,,,97.0,91.0,,,,6.954,Asia,,High income,71.2,75.318,414914.0,,23.337,19.4188255460772,76.663,Eastern and South-Eastern Asia,4
Brunei Darussalam,BRN,2016,100.0,-4.223015825,37.31649524,2.249684041,9.399833204,0.0,0.039861212,76.36215692,92.59695025,0.157319993,9.0,1.5,1.5,49.57690627,47.37271844,11400854268.0,27158.40565,26.22271781,81.992373,56.41246576,37.74136081,-0.278693266,,6.451612903,10.19678,,0.0074,68.42105103,107.122818,94.05417633,87.31826708,53.125,,,98.74,92.45,,,,7.544,Asia,,High income,90.0,75.45,419791.0,,23.01,15.1184651496449,76.99,Eastern and South-Eastern Asia,4
Brunei Darussalam,BRN,2017,100.0,2.577316337,35.29287963,2.235424233,10.86162547,0.0,0.037096958,69.59306533,86.68518694,0.382999986,9.0,1.1,1.1,49.5732417,46.9527774,12128104859.0,28571.60829,26.47721239,81.75749207,55.33645511,35.60350735,-1.260505646,107.4272232,9.090909091,10.18252,,0.0109,67.02703094,104.8577118,92.93731689,85.17674905,53.125,,,99.29,92.68,100.0,8.8,10.0,9.552,Asia,,High income,94.86669164,75.585,424481.0,,22.688,17.5281566304611,77.312,Eastern and South-Eastern Asia,4
Brunei Darussalam,BRN,2018,100.0,-5.166544149,29.7627885,2.179416733,16.59087659,0.0,0.037096958,74.50346169,81.57870701,0.770210028,9.0,1.2,1.2,51.93227638,43.68282225,13567351175.0,31628.47626,24.1412808,84.74865636,53.20485414,41.96404349,1.025051793,107.9787216,9.090909091,9.89521,,0.0109,64.79933167,103.151619,93.48278046,93.89631987,53.125,,,99.06,95.94,100.0,7.7,10.1,9.56,Asia,,High income,95.0,75.722,428960.0,,22.371,25.3799382379259,77.629,Eastern and South-Eastern Asia,4
"Congo, Rep.",COG,2000,,-35.14843496,-30.81852745,0.855807792,58.64290616,0.0,3.956623474,,14.58146129,,10.0,,,80.29714722,35.07258376,3227927593.0,1032.137542,11.56806979,57.69853796,36.17117879,43.61273719,-0.881991517,,12.0,60.48057,99.66216216,64.85569763,2.884279966,86.47666168,,123.9098844,49.375,,,,,,,,0.566,Africa,,Low income,,,,Closed Autocracy,41.305,,,Sub-Saharan Africa,4
"Congo, Rep.",COG,2001,,69.03681811,-35.65199711,0.754965117,41.84678381,0.0,3.694899405,,11.54708783,,10.0,,,77.42002685,47.84964795,2796704577.0,869.1005017,14.08973295,74.20628516,22.02571153,53.31245423,0.055989922,56.536129,12.0,59.49181,100.0,61.17750168,3.400209904,101.2436066,,130.7324811,49.375,27.0,,,,,,,0.766,Africa,,Low income,0.032223616,52.517,3217930.0,Closed Autocracy,40.844,44.149738410448,59.156,Sub-Saharan Africa,4
"Congo, Rep.",COG,2002,,30.33041645,-28.51233262,0.531304583,36.13371989,0.0,3.402609974,,12.66117155,,10.0,,,81.51642548,48.09092139,3034251042.0,916.5880378,18.35716661,71.49851795,23.54979168,53.93964559,4.378759718,59.27043152,,56.20777,100.0,68.52950287,5.188970089,103.5903015,38.3146019,135.4560711,49.375,26.4,,17.0,,,,,0.575,Africa,,Low income,0.157249517,53.091,3310376.0,Electoral Autocracy,40.383,41.2166149449763,59.617,Sub-Saharan Africa,4
"Congo, Rep.",COG,2003,,41.1226503,-9.822200037,0.744567192,26.52535171,0.0,3.278999089,,12.86273255,,10.0,168.9,168.9,80.8123656,42.50637298,3503723245.0,1028.415222,17.35899203,68.59669715,30.74269885,76.04941174,-0.631844987,55.88825989,8.527131783,65.17102,85.71428571,61.99069977,6.069190025,97.9595108,39.49966812,156.8617773,49.375,26.4,,21.0,,,,,0.916,Africa,,Low income,0.460014187,53.817,3406915.0,Electoral Autocracy,39.924,35.3916037159507,60.076,Sub-Saharan Africa,4
"Congo, Rep.",COG,2004,,-43.89290164,-42.89265732,0.660781369,40.93052359,0.0,3.424532764,0.490084128,12.78108967,,10.0,172.3,172.3,80.52979283,50.50396159,4656975223.0,1326.596688,14.97271765,73.02430243,17.04587532,50.83840588,2.42976608,80.37814331,8.527131783,82.79541,83.12342569,62.93080139,6.949009895,109.313652,44.62115097,131.3681987,49.375,31.7,,28.0,,,,,0.949,Africa,,Low income,1.07750493,54.667,3510468.0,Electoral Autocracy,39.467,43.8401189715591,60.533,Sub-Saharan Africa,4
"Congo, Rep.",COG,2005,33.8,29.91020639,-24.27087903,0.450183254,44.4564136,0.0,2.860007966,0.522152808,12.0288546,48.17525101,10.0,158.1,158.1,75.00508375,43.60472628,6647357442.0,1834.880014,12.50582885,69.54272476,32.69808844,44.54780851,3.094490115,70.05937958,8.527131783,,81.98614319,63.10570145,7.273409843,108.5212097,,119.5528923,49.375,34.0,55.1,39.0,,61.0,18.5,21.0,0.997,Africa,47.3,Lower-middle income,1.46342006,55.6,3622775.0,Electoral Autocracy,39.012,52.10988877098,60.988,Sub-Saharan Africa,4
"Congo, Rep.",COG,2006,34.91806793,-13.20370263,-27.56310967,0.433165224,50.85994677,0.0,2.550959448,0.59630046,14.70914562,44.723629,10.0,139.9,139.9,77.46412946,42.38904728,8065134528.0,2153.491743,12.7495181,70.67250406,42.00490423,48.13663352,6.537843953,75.98783875,8.527131783,54.79663,82.1192053,69.42279816,8.350680351,108.7347717,,125.600763,49.375,36.6,,53.0,,,,,1.129,Africa,,Lower-middle income,2.007990079,56.573,3745143.0,Electoral Autocracy,38.559,58.6501590404009,61.441,Sub-Saharan Africa,4
"Congo, Rep.",COG,2007,35.86069107,49.3705255,-17.2663199,0.423145473,36.3954134,0.0,2.457188365,0.664374722,17.20061717,,10.0,150.1,150.1,68.48539072,50.5621479,8771102025.0,2262.85441,16.80096905,111.615844,33.3484708,80.10123467,2.654646451,74.35820007,7.299270073,58.48011,82.30958231,60.34140015,9.240409851,106.163147,,148.5866254,49.375,35.4,,,,,,,1.212,Africa,,Lower-middle income,2.759704374,57.541,3876123.0,Electoral Autocracy,38.107,49.5743271216837,61.893,Sub-Saharan Africa,4
"Congo, Rep.",COG,2008,36.80649567,14.19991474,-11.22664669,0.343122292,41.10806049,0.0,2.12599646,1.112306127,18.50408806,,10.0,106.4,106.4,73.40291853,44.23123743,11602893043.0,2892.416962,12.14104676,86.3026496,43.49245367,59.70556813,4.95875092,69.18698883,7.299270073,51.80477,81.34490239,56.86420059,10.77888012,103.7749023,,133.1084867,49.375,35.5,,,,,,,1.329,Africa,,Lower-middle income,4.287509903,58.466,4011487.0,Electoral Autocracy,37.654,56.9313049358516,62.346,Sub-Saharan Africa,4
"Congo, Rep.",COG,2009,37.1,15.82794724,-3.18975665,0.53514846,26.44722049,0.0,1.793409177,1.36539558,22.05740723,,10.0,86.5,86.5,64.47991211,52.29743064,9684321633.0,2336.160957,13.41179285,106.5925415,40.19205722,71.07245358,4.415003748,68.39479828,7.299270073,64.38062,61.2244898,56.02949905,10.81665039,107.3627777,,135.5523657,49.375,35.5,,78.0,,65.0,13.9,18.3,1.724,Africa,,Lower-middle income,4.5,59.321,4145400.0,Electoral Autocracy,37.2,38.0111517277514,62.8,Sub-Saharan Africa,4
"Congo, Rep.",COG,2010,39.96152115,33.30794632,3.993760951,0.460828957,34.89806313,0.0,1.576182555,1.924325885,20.45814542,13.75500011,10.0,95.2,95.2,68.52809153,39.81840067,13135580695.0,3073.557784,10.5717695,87.00857134,54.0443063,55.53666287,0.391525011,68.4287262,7.299270073,49.14568,54.71938776,54.79859924,11.47087955,109.160202,,124.0647544,49.375,36.5,,93.0,,,,,1.962,Africa,,Lower-middle income,5.0,60.093,4273738.0,Electoral Autocracy,36.744,47.0015531557599,63.256,Sub-Saharan Africa,4
"Congo, Rep.",COG,2011,40.80084991,-27.28145736,-6.816035261,0.476169011,42.55089253,0.0,1.539787062,2.386853368,24.90543645,,10.0,85.2,85.2,73.61173274,40.526376,15634897273.0,3557.55617,12.83495749,77.36827723,50.08982621,50.98000997,1.759587043,74.98303223,7.299270073,47.09289,61.17556071,64.61730194,11.59189987,109.2318726,,124.5917427,49.375,36.0,39.6,95.0,,,,,2.241,Africa,48.9,Lower-middle income,5.6,60.785,4394842.0,Electoral Autocracy,36.288,56.0389728061208,63.712,Sub-Saharan Africa,4
"Congo, Rep.",COG,2012,41.6,54.52015892,10.24846431,0.54981992,31.69268333,0.0,1.354290581,2.790618019,24.37521781,10.70578003,10.0,55.3,55.3,58.08202782,37.46355124,17693924573.0,3923.093509,13.75715304,81.28037951,57.50172582,39.36240733,5.010187731,71.60604095,7.352941176,44.442,58.05882353,65.30439758,13.30865002,106.6400604,52.59281921,97.44443515,49.375,33.0,,,21.96,68.0,9.4,10.8,2.943,Africa,,Lower-middle income,6.106695024,61.423,4510197.0,Electoral Autocracy,35.831,45.5979937299564,64.169,Sub-Saharan Africa,4
"Congo, Rep.",COG,2013,42.42240524,23.25034834,20.14427919,0.59625771,20.02293846,0.0,1.324519051,3.661135737,25.08619862,,10.0,52.1,52.1,52.93434058,40.069699,17953617927.0,3883.746848,14.0730174,87.13429496,57.85017643,40.06863555,4.631616197,,7.352941176,,56.81685196,62.4817009,,,,93.00297613,49.375,30.9,,,31.72,,,,3.208,Africa,,Lower-middle income,6.6,62.022,4622757.0,Electoral Autocracy,35.373,36.2596488354552,64.627,Sub-Saharan Africa,4
"Congo, Rep.",COG,2014,43.255867,7.165612044,20.83723587,0.588754328,16.68767611,0.0,1.188042292,6.458687208,28.59304631,,10.0,52.7,52.7,53.15266193,44.3436747,17889079958.0,3776.485568,16.74018348,97.92960236,57.38084075,51.08226429,0.912139545,,7.352941176,,54.71264368,62.16070175,,,,104.2349262,49.375,31.1,,,50.0,,,,3.103,Africa,,Lower-middle income,7.11,62.582,4736965.0,Electoral Autocracy,34.915,32.1364704616,65.085,Sub-Saharan Africa,4
"Congo, Rep.",COG,2015,44.18732071,-14.80550403,11.17967465,0.944853679,7.49498493,0.0,1.214476797,7.725122347,31.87552312,,10.0,52.3,52.3,42.728167,57.83621036,11885478502.0,2447.539308,20.19043707,137.23729,40.45683662,79.96545702,3.169097968,,7.352941176,,53.34486736,64.15080261,,,,122.693624,49.375,34.1,,75.0,50.0,,,,3.451,Africa,,Lower-middle income,7.615974662,63.097,4856093.0,Electoral Autocracy,34.457,17.3421459100522,65.543,Sub-Saharan Africa,4
"Congo, Rep.",COG,2016,45.1781311,-20.33173922,-4.561561545,1.185322472,7.804493203,0.0,1.329228171,9.011475768,31.6161817,,10.0,61.2,61.2,45.25409176,67.00883952,10158508345.0,2039.453223,22.92207008,141.0095461,24.09181874,86.26363788,3.190561797,,7.352941176,,,67.61270142,,,,131.5177296,49.375,34.6,,75.0,64.5,,,,3.702,Africa,,Lower-middle income,8.121949323,63.556,4980996.0,Electoral Autocracy,33.999,17.8382613270187,66.001,Sub-Saharan Africa,4
"Congo, Rep.",COG,2017,46.12187958,-12.38070506,,1.175221452,17.36140459,0.0,1.285266763,9.504364256,26.09359316,,10.0,77.7,77.7,57.96601169,59.88577742,11109029840.0,2173.680253,19.25961246,97.1021481,,55.06815978,0.450063823,,11.25827815,,,69.33439636,,,,113.0341715,49.375,36.0,,75.0,,,,,3.526,Africa,,Lower-middle income,8.65,63.954,5110701.0,Electoral Autocracy,33.541,33.2629659825381,66.459,Sub-Saharan Africa,4
"Congo, Rep.",COG,2018,47.22546768,-30.54573862,,1.175322337,33.04077573,0.0,1.285266763,,20.88574986,,10.0,75.5,75.5,71.17168343,52.95650754,13642740884.0,2601.410483,14.62377101,77.93256051,,49.10424394,1.152778964,,11.25827815,,,69.854599,,,,120.2759274,49.375,36.8,,,,,,,3.518,Africa,,Lower-middle income,,64.29,5244363.0,Electoral Autocracy,33.084,47.9515215045735,66.916,Sub-Saharan Africa,4
Equatorial Guinea,GNQ,2000,,,,1.259276781,,0.0,2.578860512,,6.432834497,34.52685165,5.0,,,,,1045998496.0,1725.557584,,,,,4.802288869,45.02632904,5.0,43.39267,13.91650099,45.84600067,24.70149994,103.1126175,23.4883709,,46.25,,,,,,,,0.465,Africa,,Lower-middle income,,,,Electoral Autocracy,50.908,,,Sub-Saharan Africa,4
Equatorial Guinea,GNQ,2001,,,,14.31015905,,0.0,3.113382052,,5.735473278,27.83143044,5.0,,,,,1461139022.0,2313.165937,,,,,8.825389259,,5.0,43.35746,41.93548387,46.12400055,28.61610985,107.2016907,22.02762032,,46.25,,,,,,,,4.54,Africa,,Low income,0.165260423,53.581,631662.0,Electoral Autocracy,49.168,,50.832,Sub-Saharan Africa,4
Equatorial Guinea,GNQ,2002,,,,15.59029632,,0.0,2.604163465,,7.531932742,30.20190048,5.0,,,,,1806742742.0,2744.191483,,,,,7.592478498,,5.0,,41.93548387,31.30850029,,104.0579834,22.74465942,,46.25,,,,,,,,6.181,Africa,,Low income,0.321197997,53.84,658388.0,Electoral Autocracy,47.427,,52.573,Sub-Saharan Africa,4
Equatorial Guinea,GNQ,2003,,,,17.46998352,,0.0,3.108420708,,10.53495631,32.32204819,5.0,,,,,2484745935.0,3618.544476,,,,,7.323543994,36.59059143,5.0,31.97703,39.39393939,29.48719978,30.95696068,94.71421051,,,46.25,,,,,,,,6.661,Africa,,Low income,0.520524272,54.064,686670.0,Electoral Autocracy,45.693,,54.307,Sub-Saharan Africa,4
Equatorial Guinea,GNQ,2004,,,,10.50016091,,0.0,2.896477563,0.0,8.679779804,,5.0,,,,,4410764339.0,6152.131238,,,,,4.219687871,,18.0,,31.96721311,7.200600147,32.47486877,,,,46.25,,,,,,,,7.519,Africa,,Upper-middle income,0.843930285,54.263,716949.0,Electoral Autocracy,43.967,,56.033,Sub-Saharan Africa,4
Equatorial Guinea,GNQ,2005,,,,4.19364622,,0.0,1.903687581,0.0,6.389580934,,5.0,98.6,98.6,87.41738313,16.71295672,8217369093.0,10963.40638,2.736064929,56.18970555,,43.60708868,5.631633514,43.90512085,18.0,,24.52830189,7.104800224,30.29006958,90.01091766,26.07249069,131.0244718,46.25,,,,,,,,7.515,Africa,,Upper-middle income,1.149789671,54.449,749527.0,Electoral Autocracy,42.26,,57.74,Sub-Saharan Africa,4
Equatorial Guinea,GNQ,2006,,,,2.52207192,71.29076394,0.0,1.211731745,0.0,5.920290223,,5.0,98.6,98.6,82.32565045,27.38035693,10086528699.0,12857.36882,7.262768228,53.88148148,,36.20713192,4.415899842,,18.0,,19.59798995,6.992499828,36.86088943,,,118.5327824,46.25,,,,,,,,6.962,Africa,,Upper-middle income,1.279193596,54.638,784494.0,Electoral Autocracy,40.569,56.0815474199385,59.431,Sub-Saharan Africa,4
Equatorial Guinea,GNQ,2007,,137.0562971,,1.934236441,53.06739278,0.0,1.084377322,0.79900444,6.996039685,,6.0,101.4,101.4,88.62129397,27.25529457,13071718759.0,15908.41119,7.650202356,56.84120191,,45.46249589,2.803738318,,18.0,,15.05791506,8.49090004,,,,134.0837899,46.25,,,,,,,,5.628,Africa,,High income,1.557123059,54.842,821686.0,Electoral Autocracy,38.9,49.6839658300375,61.1,Sub-Saharan Africa,4
Equatorial Guinea,GNQ,2008,,5.879655978,,1.176498341,54.91627087,0.0,1.029308511,2.470144503,6.476120201,52.89852142,6.0,99.3,99.3,89.22435018,22.69755443,19749893536.0,22942.6101,6.647646846,50.23930624,,39.46365642,6.551766912,41.04965973,6.0,27.96517,12.22570533,7.191999912,57.37266922,72.16177368,,128.6880066,46.25,,,,,,,,7.017,Africa,,High income,1.82,55.07,860839.0,Electoral Autocracy,37.255,47.8271691482512,62.745,Sub-Saharan Africa,4
Equatorial Guinea,GNQ,2009,,-11.90802153,,1.881852047,38.08582025,0.0,1.14511243,2.351617461,10.4874506,54.12355042,6.0,98.4,98.4,74.34220994,34.13483158,15027795173.0,16668.1217,11.12670536,73.52765724,,47.86986717,4.691065677,42.96390152,10.0,24.21892,10.86350975,9.18200016,,70.19529724,,122.2120771,46.25,,,,,,,,6.753,Africa,,High income,2.13,55.329,901589.0,Electoral Autocracy,35.642,29.9268538001128,64.358,Sub-Saharan Africa,4
Equatorial Guinea,GNQ,2010,,-52.80994485,,2.054838691,54.38542759,0.0,1.37426101,2.929438444,11.25365494,54.92258835,6.0,100.9,100.9,85.7584332,35.09505911,16314443429.0,17288.8426,11.67932086,73.1513586,,58.9097918,7.78916548,44.38116074,10.0,27.16736,3.414634146,5.719900131,,69.38204956,,144.668225,46.25,,,,,,,,6.866,Africa,,High income,6.0,55.622,943640.0,Electoral Autocracy,34.06,37.9726509419846,65.94,Sub-Saharan Africa,4
Equatorial Guinea,GNQ,2011,66.1,41.99235793,,2.026849564,53.77894208,0.0,1.196897583,5.424803186,9.020460811,53.92404938,6.0,99.1,99.1,75.09531266,32.13745006,21357343682.0,21641.6939,11.77534904,64.18672132,,39.28203398,4.805389222,42.45682144,10.0,27.90775,3.414634146,5.546700001,54.08753967,67.94090271,,114.3773466,46.25,,,,,,,,8.882,Africa,,High income,11.5,55.945,986861.0,Electoral Autocracy,32.512,41.5195687505103,67.488,Sub-Saharan Africa,4
Equatorial Guinea,GNQ,2012,65.66336823,28.61643613,,1.461533778,50.28431096,0.0,1.072344897,6.113820526,12.67795464,52.60599136,6.0,98.2,98.2,71.90499182,31.71729593,22388344124.0,21711.15159,11.57493309,72.86543882,,44.77043065,3.656620483,44.01268005,10.0,26.1669,3.414634146,4.390500069,52.23498154,69.14431,,116.6754225,46.25,,,,,,,,7.537,Africa,,High income,13.94318219,56.288,1031191.0,Electoral Autocracy,31.0,39.7186129608706,69.0,Sub-Saharan Africa,4
Equatorial Guinea,GNQ,2013,65.75577545,19.35871314,,1.658457374,42.21786507,0.0,1.000837102,5.237960548,14.20047985,,6.0,98.6,98.6,67.65331666,41.27860644,21948834290.0,20390.73727,15.40494225,71.5866516,,39.23996826,2.948876946,,12.12121212,,4.347826087,3.66230011,,,,106.8932849,51.875,,,,,,,,7.72,Africa,,High income,16.4,56.642,1076412.0,Electoral Autocracy,30.456,34.9069531919278,69.544,Sub-Saharan Africa,4
Equatorial Guinea,GNQ,2014,65.86827087,8.588004716,,1.662128096,34.99987665,0.0,0.930857447,5.437395545,12.05343667,,6.0,99.0,99.0,65.9632886,43.7433213,21765453087.0,19394.08066,15.88594502,72.45262147,,38.41591007,4.309998661,,24.0,,57.82747604,4.177400112,,,,104.3791987,51.875,,,,,,,,7.306,Africa,,High income,18.86,57.001,1122273.0,Electoral Autocracy,29.917,28.9921453328441,70.083,Sub-Saharan Africa,4
Equatorial Guinea,GNQ,2015,65.99684906,9.004294006,,2.107526867,18.92195725,0.0,0.868002952,7.39691576,15.44994368,55.30303955,6.0,99.4,99.4,56.65847382,60.85965862,13185496881.0,11283.39805,21.78350878,85.56111152,,42.21958535,1.676630853,40.77592087,24.0,23.22706,57.82747604,4.534500122,43.36199188,61.7751503,,98.87805917,51.875,,,70.0,0.0,,,,6.434,Africa,,Upper-middle income,,57.359,1168575.0,Electoral Autocracy,29.384,17.9805801350664,70.616,Sub-Saharan Africa,4
Equatorial Guinea,GNQ,2016,66.13747406,-12.33183299,,2.331752526,15.38807846,0.0,0.822842599,9.209096482,14.27510419,,6.0,102.7,102.7,51.41282994,73.07641823,11240808847.0,9250.316493,25.20850662,89.77506422,,41.18790078,1.411939155,,24.0,,,3.932100058,,,,92.60073072,51.875,,,70.0,10.95,,,,6.207,Africa,,Upper-middle income,,57.713,1215181.0,Electoral Autocracy,28.862,16.1211847358273,71.138,Sub-Saharan Africa,4
Equatorial Guinea,GNQ,2017,66.28614044,-16.83489117,,2.190085256,22.84202118,0.0,0.786306193,10.23414718,12.7268195,,6.0,103.4,103.4,58.86310521,70.67033117,12200913888.0,9667.857801,23.56812571,84.70204782,,43.56515304,0.745599218,,,,,3.524800062,,,,102.4282583,51.875,,,70.0,50.0,,,,5.98,Africa,,Upper-middle income,,58.061,1262008.0,Electoral Autocracy,28.354,23.4786300618438,71.646,Sub-Saharan Africa,4
Equatorial Guinea,GNQ,2018,66.43882751,-4.088185111,,1.890881777,26.72995919,0.0,0.786306193,10.44802593,12.30639544,,6.0,101.2,101.2,59.61453443,71.91511519,13097012189.0,10005.61679,23.40912431,84.41661175,,44.03114668,1.349884388,,20.0,,,4.904699802,,,,103.6456811,51.875,,,,,,,,5.906,Africa,,Upper-middle income,,58.402,1308966.0,Electoral Autocracy,27.857,30.0226351365411,72.143,Sub-Saharan Africa,4
Oman,OMN,2000,100.0,-0.871056959,-11.22595394,2.156970553,35.95166823,0.000943953,0.308172231,,32.05139636,16.02997017,,,,53.69206365,56.8463735,19507452508.0,8601.271932,21.48272921,72.21737017,31.42143731,25.909434,,82.94512177,,25.08144,0.0,0.0,,92.48258972,78.23267365,79.60149766,29.375,,,,,,,,21.535,Asia,,Upper-middle income,,,,Closed Autocracy,28.431,,,Northern Africa and Western Asia,4
Oman,OMN,2001,100.0,7.092440839,-10.67292906,2.127299622,30.13208757,0.001107723,0.309779794,,35.61548637,14.93535042,,,,51.70541544,60.42170043,19452000476.0,8475.968623,23.157591,77.63411177,26.80971504,29.33951567,-0.816666667,84.41490173,,23.65903,0.0,0.0,,93.01798248,82.05631256,81.04493112,29.375,12.3,,90.6,,,,,20.106,Asia,,Upper-middle income,5.893841521,72.58,2294959.0,Closed Autocracy,28.451,39.4407124947619,71.549,Northern Africa and Western Asia,4
Oman,OMN,2002,100.0,10.56148509,-5.021384114,2.676299061,27.51912277,0.001238965,0.32816309,,36.30471306,14.94104958,,,,49.10292301,59.81154875,20142756175.0,8626.965289,23.6523789,78.81609752,27.44456422,27.91900834,-0.279578823,87.46424103,,21.49871,0.0,0.0,,92.71775818,84.2195816,77.02193135,29.375,11.3,,,,,,,25.234,Asia,,Upper-middle income,6.873396039,73.022,2334860.0,Closed Autocracy,28.471,36.2402452583098,71.529,Northern Africa and Western Asia,4
Oman,OMN,2003,100.0,0.364330666,-5.391323956,3.222779595,26.27591149,0.001671043,0.32880702,,34.62149946,16.28623962,,5.1,5.1,49.75719079,59.83999004,21633708220.0,9066.312383,22.24613356,83.04129856,29.92938303,32.79848167,0.231328682,89.44494629,,19.90897,0.0,0.0,,91.91731262,85.82816315,82.55567246,35.625,11.0,,,,,,,32.027,Asia,,Upper-middle income,7.255742945,73.447,2386164.0,Closed Autocracy,28.491,36.174194811271,71.509,Northern Africa and Western Asia,4
Oman,OMN,2004,100.0,3.17082473,-6.725984838,2.530311521,28.16623908,0.00146352,0.302215742,,31.47980382,,,5.1,5.1,51.37485714,59.59080336,24763713001.0,10126.13779,22.42080106,87.49199868,31.46116547,38.86685102,0.624969063,,2.409638554,,0.0,0.0,,,,90.24170816,35.625,10.1,,85.0,,,,,27.591,Asia,,Upper-middle income,6.75885217,73.851,2445524.0,Closed Autocracy,28.173,39.6588427025495,71.827,Northern Africa and Western Asia,4
Oman,OMN,2005,100.0,-3.994534596,-2.695117166,2.310564071,33.68074356,0.001197439,0.284424932,,30.51164022,,,5.0,5.0,58.27943922,51.35620787,31081991725.0,12377.08003,20.79022627,72.78241634,38.09239663,31.0618552,1.909835535,,2.409638554,,0.0,0.0,,92.63619995,87.66512299,89.34129442,35.625,9.6,,91.8,,,,,29.467,Asia,,Upper-middle income,6.68358142,74.23,2511254.0,Closed Autocracy,27.6,46.7858585294838,72.4,Northern Africa and Western Asia,4
Oman,OMN,2006,99.9992218,28.36277489,3.255121039,2.652097256,31.5423589,0.001274004,0.263152947,,31.71331198,,,4.6,4.6,56.17260129,48.34028625,37215779656.0,14420.51202,18.62921831,75.4917614,42.37914464,31.66435138,3.544985916,,2.409638554,,0.0,0.0,,91.68849945,87.55825043,87.83695267,35.625,9.6,,96.0,,,,,39.046,Asia,,Upper-middle income,8.299716673,74.577,2580753.0,Closed Autocracy,27.033,45.2337737999888,72.967,Northern Africa and Western Asia,4
Oman,OMN,2007,100.0,9.404345978,2.360095401,2.751482507,28.69482698,0.001080734,0.250141405,,37.76669175,,,4.4,4.4,56.48179645,49.43435959,42085379489.0,15838.46957,18.81045558,83.50750427,39.93643365,39.98929996,5.830484181,,0.0,,0.0,0.0,39.35300827,93.70793915,90.47001648,96.47109641,35.625,9.7,,96.0,0.0,,,,43.97,Asia,,High income,16.68,74.893,2657162.0,Closed Autocracy,26.473,41.6853834440859,73.527,Northern Africa and Western Asia,4
Oman,OMN,2008,100.0,15.42650325,11.13134832,1.967493256,29.56809589,0.001396957,0.219879599,,32.16829312,,,3.8,3.8,58.47990407,42.22315372,60905452458.0,22139.74068,14.16172335,78.70142295,44.73994772,37.18132747,12.37540915,,0.0,,0.0,0.0,46.05641937,95.9779129,94.17327881,95.66123154,35.625,9.7,,96.4,32.0,87.0,3.4,8.1,42.111,Asia,,High income,20.0,75.179,2750956.0,Closed Autocracy,25.92,40.7242887565022,74.08,Northern Africa and Western Asia,4
Oman,OMN,2009,100.0,-15.45723183,-8.443180672,2.495218088,25.44516685,0.001803858,0.201422802,,42.40675976,2.075560093,,2.2,2.2,50.63552663,55.80370221,48388363516.0,16823.79495,19.35521133,84.01149464,27.16891521,34.6470186,3.468810238,96.38111115,0.0,,0.0,0.0,45.79904175,103.1522522,99.77667236,85.28254523,35.625,9.4,,96.5,48.0,,,,40.515,Asia,,High income,26.8,75.44,2876186.0,Closed Autocracy,25.376,33.1702390502937,74.624,Northern Africa and Western Asia,4
Oman,OMN,2010,100.0,3.105774197,-5.326996842,2.468337072,30.31765964,0.001854585,0.195628726,40.4403306,40.14425735,,,3.4,3.4,58.70307385,52.22034411,56913065779.0,18712.57015,18.69942254,75.1023381,31.46567718,33.80541195,3.256579591,,0.0,,0.0,0.0,,,,92.5084858,35.625,9.1,,97.6,49.05,,,,46.75,Asia,,High income,35.8278,75.682,3041435.0,Closed Autocracy,24.839,39.6590283776562,75.161,Northern Africa and Western Asia,4
Oman,OMN,2011,100.0,-10.67649975,-13.55505304,2.525578792,39.42451243,0.001882806,0.210585495,39.51932133,37.76289043,1.15151,,3.2,3.2,64.36890743,48.76078141,67871907375.0,20876.58504,18.06179728,70.3065257,34.51299686,34.46193066,4.042188671,97.08152008,1.19047619,,0.0,0.0,55.59231186,102.5503922,99.5855484,98.83083809,35.625,8.4,,97.6,65.0,,,,53.263,Asia,,High income,48.0,75.916,3251102.0,Closed Autocracy,23.817,49.9407154594683,76.183,Northern Africa and Western Asia,4
Oman,OMN,2012,100.0,12.83276321,-10.48801617,2.573147161,37.11069676,0.001857815,0.203297279,38.20581893,37.09237168,0.370240003,,2.7,2.7,63.20529979,49.0391077,76511069704.0,21872.61054,19.58667804,73.43668148,34.50340479,36.50493133,2.947734953,101.2116699,1.19047619,,0.0,0.0,53.24222183,104.6121063,100.0396729,99.71023113,35.625,7.3,,97.6,85.7,,,,58.691,Asia,,High income,60.0,76.149,3498031.0,Closed Autocracy,22.436,46.5229768923903,77.564,Northern Africa and Western Asia,4
Oman,OMN,2013,100.0,-1.848808735,-11.73467955,2.661649744,36.07912446,0.001589464,0.191362643,37.75805053,39.19245971,0.259160012,,2.5,2.5,63.87158914,51.27286674,78555622509.0,20865.78787,21.63483697,77.94601249,33.01879489,41.52631943,1.045528388,96.12754059,1.19047619,,0.0,0.0005,51.42042923,109.1066437,99.51570129,105.3979086,35.625,6.8,,98.0,87.1,,,,61.121,Asia,,High income,66.45,76.388,3764805.0,Closed Autocracy,21.118,44.9829671059706,78.882,Northern Africa and Western Asia,4
Oman,OMN,2014,100.0,-4.460170833,-15.38666147,2.696521681,31.78820796,0.002601212,0.177461286,34.94979316,42.74727713,0.541320026,,2.5,2.5,61.09663092,55.88135644,80686929102.0,20035.21731,24.83352448,76.29265499,26.03972031,37.42856763,1.022343145,103.9574585,1.19047619,,0.0,0.0005,56.41410828,109.6953888,,98.52519855,35.625,7.0,,99.0,93.0,,,,60.41,Asia,,High income,70.22,76.634,4027255.0,Closed Autocracy,19.855,39.4724802210291,80.145,Northern Africa and Western Asia,4
Oman,OMN,2015,100.0,-0.873849944,-17.14761412,3.436455,18.90879444,0.002801376,0.15921837,34.11658579,57.5746612,0.504930019,10.0,3.3,3.3,47.34389503,66.97864619,68420257567.0,16033.46383,28.34387584,96.63642253,13.67222421,43.97689934,0.065290133,99.82885742,1.176470588,,0.0,0.0017,57.80540085,108.3045731,103.2984238,91.32079438,35.625,8.1,,99.0,95.0,,,,61.604,Asia,,High income,73.53,76.887,4267341.0,Closed Autocracy,18.65,23.9735763727533,81.35,Northern Africa and Western Asia,4
Oman,OMN,2016,100.0,-4.73781332,-19.04920836,3.594178586,15.69698174,0.002325372,0.145330433,33.75530803,61.29764542,0.121040002,10.0,4.1,4.1,39.26314341,71.39883436,65441278668.0,14609.98176,29.99226352,100.1561347,9.685575155,39.5210501,1.109208058,103.6480637,1.176470588,,,0.0017,56.88307953,108.2739029,107.5826797,78.78419351,35.625,8.4,,99.01,96.01,91.0,1.8,13.7,60.033,Asia,,High income,76.84539047,77.142,4479217.0,Closed Autocracy,17.5,19.7659851383113,82.5,Northern Africa and Western Asia,4
Oman,OMN,2017,100.0,1.923132799,-16.87234022,3.56905955,18.68169576,0.002771151,0.139228544,37.58042541,59.20671266,1.158200026,10.0,3.2,3.2,44.62207823,69.86829529,70585606844.0,15127.88819,28.0976473,97.73772232,11.7379165,41.78379848,1.597160603,107.3640213,1.176470588,10.12768,,0.0016,53.76467896,106.3646927,105.7908325,86.40587671,35.625,8.4,,99.1,99.0,,,,65.511,Asia,,High income,80.18563573,77.393,4665926.0,Closed Autocracy,16.44,23.3804463754396,83.56,Northern Africa and Western Asia,4
Oman,OMN,2018,100.0,-0.873155007,-12.07808269,3.477388136,23.77686395,0.001286081,0.139228544,35.12569353,,3.239140034,10.0,3.3,3.3,52.08520131,61.92977439,79788768969.0,16521.20623,24.72460676,86.28001312,18.97465976,38.36521444,0.881302104,100.3571014,1.176470588,9.67394,,0.0015,52.21419144,103.3920593,106.6659927,90.45041575,35.625,8.1,,99.3,99.2,92.0,0.8,7.1,71.03,Asia,,High income,85.5,77.633,4829476.0,Closed Autocracy,15.461,28.9923109240442,84.539,Northern Africa and Western Asia,4
Suriname,SUR,2000,95.4648056,,,4.532975751,6.571295573,0.0,0.481071221,,35.80907984,,6.0,,,,,947671969.7,2012.281651,,,,,59.40168655,,,,88.39590444,23.62969971,,,,,63.75,,,,,,,,2.192,South America,,Lower-middle income,,,,Electoral Democracy,33.556,,,Latin America and Caribbean,4
Suriname,SUR,2001,95.39545441,,,6.314845583,6.554838648,0.0,0.488203954,,31.56581958,,6.0,,,,,834279357.8,1750.576737,,,,,38.58628789,,17.64705882,19.93606,86.63967611,24.14209938,73.94982147,106.0747833,74.98925781,,63.75,11.8,,,,,,,2.363,South America,,Lower-middle income,3.064448389,67.913,476574.0,Electoral Democracy,33.483,11.4473537353135,66.517,Latin America and Caribbean,4
Suriname,SUR,2002,95.31781006,,,3.004302795,4.269052274,0.0,0.416051199,,48.42070984,,6.0,,,,,1093574468.0,2267.753984,,,,,15.52739892,,17.64705882,19.45397,79.3768546,27.79159927,79.71417999,104.1210632,74.93792725,,63.75,11.5,,,,,,,1.561,South America,,Lower-middle income,4.161568745,68.064,482228.0,Electoral Democracy,33.409,7.72022476956589,66.591,Latin America and Caribbean,4
Suriname,SUR,2003,95.23069763,,,2.644899268,4.259851742,0.0,0.381054287,,45.00767197,,6.0,,,,,1274190311.0,2611.377493,,,,,23.00223218,,17.64705882,,72.6109857,24.6352005,,,,,63.75,10.9,,,,,,,1.538,South America,,Lower-middle income,4.719875395,68.28,487938.0,Electoral Democracy,33.336,7.2451964946265,66.664,Latin America and Caribbean,4
Suriname,SUR,2004,95.13294983,,,2.423171358,4.868699582,0.0,0.339519929,17.4749575,48.67814299,,6.0,,,,,1484092538.0,3006.183233,,,,,9.98632512,,19.60784314,,65.60056859,22.6257,,,,,63.75,10.3,,,,91.0,,,1.556,South America,,Lower-middle income,6.076047814,68.555,493680.0,Electoral Democracy,33.263,9.38316962469952,66.737,Latin America and Caribbean,4
Suriname,SUR,2005,95.02353668,,,2.114225444,8.861360202,0.0,0.308513857,19.82276119,44.8081617,17.43631935,6.0,161.0,161.0,,,1793388732.0,3590.648183,,,,,9.898004896,72.32108307,25.49019608,18.61562,52.70092227,18.87879944,80.26644897,105.0330963,68.4760437,,63.75,9.7,,,,,,,1.589,South America,,Lower-middle income,6.403086288,68.877,499461.0,Electoral Democracy,33.318,15.6867197346089,66.682,Latin America and Caribbean,4
Suriname,SUR,2006,91.01983989,,28.50538145,1.661150604,8.186901715,0.0,0.294752125,24.94180246,38.73070618,15.48112011,6.0,150.1,150.1,52.74771024,52.4979184,2626380435.0,5197.747907,12.66999722,92.65889536,46.79388329,45.42048293,11.28130433,80.05441284,25.49019608,15.9867,66.88396349,22.08639908,76.62091827,105.8122177,69.11164093,98.16819317,63.75,8.8,,,,,,,1.739,South America,,Lower-middle income,9.499626942,69.227,505292.0,Electoral Democracy,33.385,13.4069660084827,66.615,Latin America and Caribbean,4
Suriname,SUR,2007,94.78339386,,36.30668168,1.544944079,8.753537595,0.0,0.283431931,28.74405393,44.58901584,17.35610962,6.0,137.5,137.5,54.12479841,46.94206674,2936612022.0,5744.759727,10.12281355,93.12740355,55.60508622,47.25220196,6.426279345,69.73760986,25.49019608,13.23428,74.14790997,24.58769989,77.23522949,104.2104111,69.06005096,101.3770004,63.75,8.8,,,,,,,1.757,South America,,Upper-middle income,14.11,69.579,511181.0,Electoral Democracy,33.453,14.4574451079844,66.547,Latin America and Caribbean,4
Suriname,SUR,2008,94.66497803,,30.36624075,1.465183606,10.47985981,0.0,0.271894631,28.52521851,44.79687863,11.42582035,6.0,120.0,120.0,56.90864096,51.04145185,3532969035.0,6831.983622,10.89915446,95.34955661,52.09755104,52.25819757,14.66714274,81.72273254,25.49019608,15.98622,77.94544399,26.19249916,82.86839294,111.6970215,69.62119293,109.1668385,63.75,8.3,,,,,,,1.936,South America,,Upper-middle income,21.06,69.91,517122.0,Electoral Democracy,33.521,15.8906560787879,66.479,Latin America and Caribbean,4
Suriname,SUR,2009,94.55599213,,35.00512611,1.424154457,7.355875534,0.0,0.266078818,34.57136946,46.91852296,8.301879883,6.0,116.6,116.6,44.1248355,49.90599737,3875409836.0,7408.360786,13.17916902,100.0940026,52.64341042,43.79582628,-0.133636647,84.21769714,25.49019608,15.38398,76.7816092,26.46940041,83.98993683,114.1512604,67.68676758,87.92066178,66.25,7.6,,,,93.0,4.8,14.3,1.995,South America,,Upper-middle income,31.36,70.209,523113.0,Electoral Democracy,33.588,11.36731198541,66.412,Latin America and Caribbean,4
Suriname,SUR,2010,91.19751586,,24.50986436,1.608160799,15.90543123,0.0,0.262504001,35.60471803,46.06206979,10.06233978,6.0,114.5,114.5,52.54731927,49.25373134,4368398048.0,8255.874872,13.32443926,85.45818394,50.3398956,38.41407488,6.941082216,87.05618286,9.803921569,14.94652,70.18561485,22.10269928,74.40479279,114.0403595,71.44953156,90.96139415,66.25,7.3,,98.0,,94.0,3.6,12.6,2.395,South America,,Upper-middle income,31.59,70.465,529126.0,Electoral Democracy,33.656,22.2083344178366,66.344,Latin America and Caribbean,4
Suriname,SUR,2011,94.39122009,,,1.292443347,25.08634011,0.0,0.260118495,36.87305923,46.42610019,11.91819,6.0,109.3,109.3,,,4422276622.0,8263.203803,,,,,17.71177964,86.43058777,11.76470588,14.31496,60.6355715,21.16469955,75.52081299,112.2363129,70.33705139,,66.25,7.6,,99.0,,94.0,4.2,12.4,2.18,South America,,Upper-middle income,32.0,70.676,535177.0,Electoral Democracy,33.724,31.6602647435758,66.276,Latin America and Caribbean,4
Suriname,SUR,2012,94.34619904,,,1.470111712,22.7166422,0.0,0.24904862,41.74748219,49.45736963,11.4388504,6.0,105.0,105.0,,,4980000000.0,9200.974786,,,,,5.006863194,86.74710846,11.76470588,13.98546,63.23529412,15.76650047,83.43447113,112.7073288,72.07447052,,66.25,8.2,,100.0,12.0,94.0,5.1,12.4,2.636,South America,,Upper-middle income,34.6812,70.851,541247.0,Electoral Democracy,33.792,29.0017485804241,66.208,Latin America and Caribbean,4
Suriname,SUR,2013,94.32529449,,,1.358712732,16.09128989,0.0,0.252090451,42.65666747,53.16170971,11.88364983,6.0,101.7,101.7,,,5145757576.0,9402.164419,,,,,1.923436041,85.93081665,11.76470588,13.73758,59.93589744,17.62549973,88.48751831,112.8360825,73.80877686,,66.25,7.7,,100.0,,95.0,3.6,11.0,2.745,South America,,Upper-middle income,37.4,71.002,547295.0,Electoral Democracy,33.86,20.8669694875149,66.14,Latin America and Caribbean,4
Suriname,SUR,2014,94.32447815,,,1.460662637,9.997671567,0.0,0.254900286,47.06675929,55.0448542,12.32314968,6.0,100.3,100.3,,,5240606061.0,9471.922001,,,,,3.383412727,89.10131836,11.76470588,13.39388,62.33944954,12.85229969,87.78508759,113.331192,73.34947968,,66.25,7.6,,,12.0,95.0,3.5,11.8,2.836,South America,,Upper-middle income,40.08,71.133,553278.0,Electoral Democracy,33.911,13.3689901941077,66.089,Latin America and Caribbean,4
Suriname,SUR,2015,95.00204468,,,1.25516547,3.482665004,0.0,0.272816869,47.13388753,60.73891632,10.61894035,6.0,100.7,100.7,40.79360548,,5126291451.0,9168.237157,14.6788467,,,50.13417071,6.893903592,89.56555176,25.49019608,13.33105,60.05314438,11.59379959,87.25858307,115.803627,77.46790314,90.92777619,63.125,7.7,,100.0,100.0,96.0,4.4,11.5,2.733,South America,,Upper-middle income,42.76382778,71.249,559136.0,Electoral Democracy,33.944,5.58634555276715,66.056,Latin America and Caribbean,4
Suriname,SUR,2016,95.90665436,,,2.10918783,11.84628578,0.0,0.290031374,49.69193448,78.36461245,9.433659554,6.0,96.5,96.5,43.54159609,,3317438911.0,5872.789429,11.29071287,,,49.63461259,55.41238798,88.04000092,25.49019608,13.35066,,15.92749977,89.6760025,115.5469894,,93.17620868,63.125,8.2,,100.0,100.0,96.0,5.7,11.1,2.326,South America,,Upper-middle income,45.4,71.358,564883.0,Electoral Democracy,33.96,15.9241093557041,66.04,Latin America and Caribbean,4
Suriname,SUR,2017,96.72870636,,,2.289256451,17.90504869,0.0,0.280714261,50.96679912,65.44619569,13.82371998,6.0,94.0,94.0,48.27650318,,3591623596.0,6295.560562,10.80950433,,,46.59576842,21.99694302,85.34783936,25.49019608,12.92371,,18.49790001,90.38121796,110.557518,,94.87227159,63.125,8.4,,100.0,100.0,,,,2.52,South America,,Upper-middle income,48.94517397,71.463,570501.0,Electoral Democracy,33.959,22.4902715548572,66.041,Latin America and Caribbean,4
Suriname,SUR,2018,97.4,,,2.199247738,17.84610346,0.0,0.280714261,48.15371046,64.36807861,13.8299799,6.0,93.4,93.4,55.29474884,,3996247906.0,6938.086981,10.30782644,,,51.55925156,,85.14813232,25.49019608,13.39335,,19.21649933,86.15779114,108.8421173,82.26363373,106.8540004,63.125,8.5,,100.0,95.0,,,,2.552,South America,,Upper-middle income,,71.57,575987.0,Electoral Democracy,33.94,22.638456885082,66.06,Latin America and Caribbean,4
Timor-Leste,TLS,2000,,,,,0.0,0.0,2.145276657,,,,6.0,,,10.61429701,220.799378,367087900.0,415.0859486,133.2617883,254.3159554,,164.9302524,,,,,0.0,0.0,,,,175.5445494,40.625,,,,,,,,,,,,,,,,,,,,4
Timor-Leste,TLS,2001,25.6,15.26820552,,,0.0,0.0,2.026820752,,,,6.0,,,8.97066231,218.5467188,477457500.0,529.7937005,136.3464183,248.7506846,,157.7213469,,,,61.9124,0.0,0.0,,120.6101532,37.88129044,166.6920092,40.625,41.5,38.5,,,,,,,,,,,,,,,,,,4
Timor-Leste,TLS,2002,23.92528915,11.96865878,,0.428086317,0.0,0.0,1.695833647,,9.302758597,,6.0,,,7.80428879,236.8729379,469461100.0,508.7911659,147.7333479,264.7820661,,172.5863549,,,26.13636364,47.17944,0.0,48.25270081,6.633619785,116.0535507,43.80825043,180.3906437,50.0,36.5,,,,,,,0.161,Asia,,Low income,0.0,60.901,922699.0,Electoral Democracy,75.021,0.385769572849392,24.979,Eastern and South-Eastern Asia,4
Timor-Leste,TLS,2003,27.7,-15.56453812,,0.511507285,0.0,0.0,1.992570339,,12.56643086,,6.0,,,6.866553711,186.2836544,490400300.0,517.7860016,102.2715321,208.5884939,,115.4550476,7.165158914,,26.13636364,46.8161,0.0,47.84700012,,112.7233887,47.003479,122.3216014,50.0,33.1,,38.0,,,,,0.161,Asia,,Low income,0.0,61.888,947110.0,Electoral Democracy,74.657,0.52014951015434,25.343,Eastern and South-Eastern Asia,4
Timor-Leste,TLS,2004,30.75041008,,,0.56944795,,0.0,1.604651797,,14.94952484,,6.0,154.8,154.8,7.475003568,175.2973513,440732900.0,453.4806958,77.87038363,192.3987975,,99.87377843,3.23751394,,25.28735632,50.71393,0.0,44.03720093,,110.0915604,56.18059921,107.348782,53.125,32.5,,48.0,,,,,0.176,Asia,,Low income,0.0,62.893,971889.0,Electoral Democracy,74.29,,25.71,Eastern and South-Eastern Asia,4
Timor-Leste,TLS,2005,34.14598846,,,0.483985924,,0.0,1.243719183,,16.86137496,,6.0,125.4,125.4,7.136497111,144.6048322,462261800.0,464.524032,52.64120894,160.4063758,,67.54287289,1.111674004,,25.28735632,,0.0,43.60630035,11.63936996,105.1999969,54.97655869,74.67937,53.125,32.2,,50.0,,,,,0.176,Asia,,Low income,0.099031768,63.882,995130.0,Electoral Democracy,73.959,,26.041,Eastern and South-Eastern Asia,4
Timor-Leste,TLS,2006,37.53243256,,,0.338032558,,0.0,0.721604718,,22.01296478,,6.0,88.0,88.0,9.22919109,168.2766045,453796000.0,446.4575768,82.41544659,180.4165087,159.2272401,89.64569983,3.936162599,,25.28735632,,0.0,41.90309906,,,,98.87489092,53.125,31.9,,54.0,,,,,0.18,Asia,,Low income,0.5,64.803,1016437.0,Electoral Democracy,73.626,,26.374,Eastern and South-Eastern Asia,4
Timor-Leste,TLS,2007,36.6,,,0.23925965,,0.0,0.480748983,,26.47671288,,6.0,13.1,13.1,9.99688096,190.103341,542795300.0,523.7375385,105.1921415,208.7670803,223.9539135,118.7639613,10.30090202,,29.23076923,,0.0,41.87850189,,,,128.7608423,53.125,31.7,37.4,69.0,,,,,0.183,Asia,27.8,Lower-middle income,1.0,65.61,1036388.0,Electoral Democracy,73.291,,26.709,Eastern and South-Eastern Asia,4
Timor-Leste,TLS,2008,44.30240631,,,0.165551012,,0.0,0.291545189,2.01514719,29.70860754,16.05598068,9.0,6.9,6.9,9.346813002,185.2394021,648492700.0,614.435755,111.6027829,216.5635326,372.9881274,125.9103456,9.064236219,89.07829285,29.23076923,,0.0,39.72050095,,117.9005966,51.48117828,135.2571586,53.125,32.4,,69.0,,,,,0.202,Asia,,Lower-middle income,1.5,66.276,1055428.0,Electoral Democracy,72.952,,27.048,Eastern and South-Eastern Asia,4
Timor-Leste,TLS,2009,47.69840622,,,0.248656313,,0.0,0.389355739,1.960800333,36.91873615,10.1139698,9.0,5.8,5.8,9.166898708,190.5045058,726881600.0,676.6183307,115.9325673,239.3647191,218.7759609,148.531604,0.669681186,78.66719055,29.23076923,29.77684,0.0,36.91130066,,122.012619,61.21802902,157.6985028,53.125,32.5,,,,,,,0.227,Asia,,Lower-middle income,2.0,66.796,1074286.0,Electoral Democracy,72.611,,27.389,Eastern and South-Eastern Asia,4
Timor-Leste,TLS,2010,38.0,,,0.201509798,,0.0,0.337355256,2.387010842,33.45613319,9.877519608,9.0,5.7,5.7,8.565297793,174.5697937,881826900.0,806.4135263,103.1732078,217.2823487,257.4287558,125.8476465,6.765976802,75.09874725,29.23076923,30.19877,0.0,34.81510162,,122.6827927,62.38996887,134.4129443,53.125,32.5,,86.0,,64.0,2.9,4.3,0.234,Asia,,Lower-middle income,3.0,67.186,1093517.0,Electoral Democracy,72.268,,27.732,Eastern and South-Eastern Asia,4
Timor-Leste,TLS,2011,54.54361725,,,0.15940793,,0.0,0.296478959,2.779866968,30.5697947,7.096489906,9.0,5.0,5.0,6.331610104,156.9623525,1054725400.0,947.5107667,88.6693162,226.4726629,329.0622719,132.8042825,13.49984024,78.7917099,32.30769231,31.35481,0.0,32.83570099,,126.6274033,65.56777954,139.1358926,55.625,31.1,,,,,,,0.245,Asia,,Lower-middle income,4.0,67.477,1113154.0,Electoral Democracy,71.921,,28.079,Eastern and South-Eastern Asia,4
Timor-Leste,TLS,2012,58.00358963,,,0.211610587,,0.0,0.346252214,3.453572721,35.45515293,8.632800102,9.0,2.9,2.9,7.201957588,154.8402324,1147779600.0,1013.042872,85.13062961,215.5233984,257.9240137,122.725356,11.80030967,83.32792664,38.46153846,,0.0,25.61370087,,126.9725571,66.79295349,129.9273136,77.5,31.0,,92.0,,,,,0.293,Asia,,Lower-middle income,7.0,67.72,1133002.0,Electoral Democracy,71.572,,28.428,Eastern and South-Eastern Asia,4
Timor-Leste,TLS,2013,61.4876709,,,0.345335662,,0.0,0.441316648,3.068434864,35.83987898,7.661930084,9.0,2.9,2.9,5.585311789,126.6937824,1395524600.0,1210.03999,62.34587337,168.473741,183.7000313,74.05905277,10.98723442,88.95036316,38.46153846,,0.0,21.68020058,13.91897964,127.4477005,65.93543243,79.64436456,77.5,28.7,,,,71.0,11.2,10.6,0.443,Asia,,Lower-middle income,11.0,67.953,1153288.0,Electoral Democracy,71.221,,28.779,Eastern and South-Eastern Asia,4
Timor-Leste,TLS,2014,73.47,,,0.517628535,,0.0,0.562240858,5.258639803,41.44388337,6.889130116,9.0,0.3,0.3,4.57248523,130.4642802,1447311400.0,1232.453997,65.67633614,173.6028335,105.9405654,78.17531873,0.848838206,93.43956757,38.46153846,,0.0,18.54700089,17.40147972,127.8435593,68.40023041,82.74780396,77.5,26.8,22.0,96.0,96.0,,,,0.513,Asia,28.7,Lower-middle income,17.5,68.197,1174333.0,Electoral Democracy,70.867,,29.133,Eastern and South-Eastern Asia,4
Timor-Leste,TLS,2015,67.28153394,,-1.446874708,0.625447119,39.45594847,0.0,0.744058305,6.630420369,40.28179765,5.520020008,9.0,0.3,0.3,3.042409146,116.9987434,1594410800.0,1332.791772,58.79089003,153.8388476,68.41749364,56.88126297,0.646148614,100.0959473,38.46153846,,0.0,18.35009956,20.46706963,128.213913,72.38722992,59.92367212,77.5,24.5,,96.0,96.0,,,,0.502,Asia,,Lower-middle income,23.0,68.459,1196294.0,Electoral Democracy,70.51,81.9499623600192,29.49,Eastern and South-Eastern Asia,4
Timor-Leste,TLS,2016,76.5,-3.78336738,-13.25440089,0.797122179,26.381795,0.0,0.959131672,6.171290886,44.46105515,5.422959805,9.0,0.5,0.5,3.137048965,114.0744996,1650608600.0,1353.746815,55.26632419,153.6676533,21.00048431,56.80470222,-1.469842879,99.2806015,38.46153846,,,19.66160011,21.42526054,125.7212524,77.01400757,59.94175118,77.5,24.1,,96.5,96.5,78.0,3.3,6.3,0.495,Asia,,Lower-middle income,25.24624959,68.735,1219289.0,Electoral Democracy,70.15,42.2061257198981,29.85,Eastern and South-Eastern Asia,4
Timor-Leste,TLS,2017,83.23754883,-1.005249516,-14.30452218,0.841323898,26.89937243,0.0,0.938432491,11.99379973,51.45228517,3.05708003,9.0,0.5,0.5,2.38723757,117.8017143,1599338100.0,1286.406785,54.62124613,152.0882545,20.46521055,54.47549833,0.52297668,99.89826965,32.30769231,27.65483,,19.47509956,23.44754028,119.7651291,81.03141785,56.8627359,80.0,24.0,,96.5,96.5,,,,0.498,Asia,,Lower-middle income,27.49273173,69.007,1243260.0,Electoral Democracy,69.788,45.1724083557188,30.212,Eastern and South-Eastern Asia,4
Timor-Leste,TLS,2018,89.03410339,-26.52659934,-34.99457155,0.951911976,43.01096499,0.0,0.938432491,11.66145281,54.40024085,4.186530113,9.0,0.6,0.6,2.924197008,123.2401234,1559894900.0,1230.22528,56.409544,157.5720005,14.18887798,60.49619753,2.29424307,103.8459091,33.84615385,26.94886,,18.38479996,22.76609993,115.3078079,83.61746216,63.42039454,83.125,23.3,,96.5,96.5,,,,0.52,Asia,,Lower-middle income,,69.26,1267975.0,Electoral Democracy,69.422,73.2454147536064,30.578,Eastern and South-Eastern Asia,4
